,design,n,mpnn,plddt,ptm,pae,rmsd,seq
0,0,0,1.0079424017536327,0.9183997139334679,0.7604182362556458,5.746935576200485,1.1828151941299438,SAAERERAEREARIEALKAEIAALAAEAAALAAELARQQERLAFVDDFLAKLEELEKKLEEAKKLAEEAIKTGSEELLKKAKEKAKKVLEELKAFLKETKAKLEALAKSGLTEEAKAVEKEVTAKLEEIIKKVEKAIKAKEPEEAKKLLEEALKLLKELREWLEKEVRGGTEARIAALQARIAALAARRAELEAELAALE
1,0,1,1.0875963306628262,0.915384866297245,0.7209045886993408,6.722179934382439,1.6681501865386963,SLEELLEKLRQKKLEELEKKIKEKEEEKKKLKEEKKLLEEWLKFVKDFLAKLDALLKKLDEALKLAEKAAKTGSKELFEKAKAATKKVLADAEKLRKDIDAKLDELAKKGLTERATAWKKKVSATLDEIIEKLKAAAKAKDAKEAAKLLKEARDLLDKLRKETEEEEKKGVEEEIAKLEKKIEELEKEIEKLKKKKEELK
2,0,2,1.0787544740942165,0.931011363863945,0.7790950536727905,5.468383550643921,1.7664967775344849,SLLEELKKKLEEKRKELLKEIEELEKEIEEAKKELEKQKDLKALTDQFLADLDKLLKKVEEALKLAEEAAKTGSKEIAKKAKEKTKKVLEELKANRDAWTAALDAMAAKGLTAEATAWKARTTATLDAIIKKLEEAAKAKDAKEAAKLLKEAKKLLEDLRKELEEKVRGGTEKRIKELEKKIEELEKKKEELKKKLEELE
3,0,3,1.0585974310181727,0.9104295745491982,0.7632399797439575,5.676434904336929,3.1446497440338135,GAAALLAAAKEAELAELEERIAALRAEAAAAKAALAGVATLAALAQAQLAALDAQIAAVEEALKLAEEAIKTGSEKLLKEAKKKIKEVLAALKADRAAADAAWAAAAAAGATATATAWRATASAARDAAIALLEKAAKAEDAKEAAKLLKEAKDVLEALRATLAADVLGGLEAQAAALQARIAALAAEAAELEAKRAELA
4,0,4,0.9581124495980904,0.9301723316311836,0.7587625980377197,5.687044650316238,1.24261474609375,GSLKKEKEKKEKKLKEIEKEIKKLEEEKEKLKKELKLVEERLKLVEEFIKKLEELIKKLEEAVKLAKEAAKTGSEKILKEAKEKIKEVLKEAKKELEEWKKKLDELAKKGLEEEAKKLKEKLTKKMEEIIKLIEEAAKSKEAKEMIKLLEEAIKKAEETLKWLKEEVEGKLKEEKKKLEEKIKKLEEEIKKLKEEKEKLK
5,0,5,1.102520111371585,0.8918223083019257,0.7444506883621216,6.517374143004417,1.2795251607894897,MEEEKKKEEKEKKLEELKKKIKELEEKKKKLEEEKKKAEKRLALVDALIAAIDAALAAVDAALAKAKEAIKTGSEKLLKEAKALTKAVLAALKAAQAAADAAFAAQAKAGDTDTATAWQKEVSAARAAIAALLAAAAEAEDAEEMAKLLAQARALLTALRDRLTTEQKGGLEKKIKELEKKIKELEKEIKKLKEEMKKLE
6,0,6,1.0265650909253272,0.8296962380409241,0.6262680888175964,8.645821392536163,2.8389077186584473,AAAAAAREALAARLAALEAEIAALRAERAAAEAELALVEEAKAFVKDLIKKLEELIKKVEEAIKLAKEAAKTGSEELLKKAKEKTKEVLKEAKELKKEIKAKLDALAAKGLTTEATAWQTKITATLDKIIKLLEEAAKAKDAKEAEKLLKKAKKLLEDLKKTIEEEYLGGLEARAAELAARRAALKERAAALEAEAAALL
7,0,7,0.969723042722734,0.9104708805680275,0.7279545068740845,6.434348538517952,1.003537654876709,GKLEELKKKKEEKLKEIEEKIKKLEEEKEKLKKELELYKEKLELVEKLIEKLKELEKKLEEALKLAKEAAKTGSKEKLQEAKKKIKEVAKELEKAKEEFKKALEEMAKKGMTEEAKKWKEEIEKKLDEIIKKVKEAAQAKDAKEAAKLLEEAKKLLKELKEKIEKERKEELKKRIEEIEKKIKELEEEIKKLKEEKKKLE
8,1,0,1.1725677668834553,0.6367854475975037,0.49345314502716064,13.364179790019989,5.184185028076172,LAAALEELLKALERAKALAAETLAEMEALRAELRAAVRAALPAAAQPLVDRLFEALDLIVLGLLLLAAAAALLAGEKAGLRAFFAFELFVGWTASVTATAERAPLAVVGVIALALGLAALAAALASGDPAVAAAARAVFAAALAALGAALTAAGRAAMDATLAELAAAVGAALAAEIRAAVDAALARMLAVLAEGLAKLA
9,1,1,1.1379565930542594,0.8303117603063583,0.7602429389953613,6.156333282589912,1.2086937427520752,AAAAAAALAEALERARRLAAETLARIVAALDALRAALKARFPPAAAPLLDALFLALDAVLLGVLMLLAALALLAGPKAPLLAFFAFTLLLLWTAHVTATPARAPLAVPVVLTVLVGALTLALAAASGLPLVRLLMALLFALFLLALGLAVLAAGAAAGAATLARLAALVGAATAAEAAAAIAAALAAMLAAVLAGLLELL
10,1,2,1.1339779056041688,0.6188857853412628,0.32083660364151,18.895588040351868,20.48968505859375,AAAARAAREAKLAEAEALAREVLARARAIRAALRAALAAAFPAAAAPLLDALLEALDLERLGYLLIRAALALLADETSALRAFFMGTLHLLWTLEVTATPARLPLAVVTLLVVAVGVLLGAIAKASGLPAVKKLATAILAAVLLLLGLALLAAATAARAAALAALAAAVGAAAAAAAAAAAAAAEAEMRAAVEAGLARID
11,1,3,1.1663249908549556,0.7774510830640793,0.6829434633255005,7.861238807439804,1.3994812965393066,MAEELAKLKEELEKAKKLAEETLKEIRARRAELRARLRALLPASAAPLLAALLEALDVIELGFLLIKEAIALFSGEKSFLKAYFMFTLLLLWTKEVTKTPARAPLAVVVVLTVAVTIAALAAALASGDPAVFKLMTLVVALFNLIVGLALMALGTAAAAATLARLAEAVGAATAAELRAAIAAAAAESFAIVEEGLKKID
12,1,4,1.0535673264632346,0.6815876960754395,0.6169619560241699,10.318466693162918,3.933969020843506,AAAAAAALAAALARAAALAAAVAAEMAAARAALRAALAALLPPEAAPLLERLLRALDLELLGLLLLLAALALLADARAPLRAFFALTLLVLWTAEITATPAAAPLAVVTVLVLAVLLATLAIAAASGDPAVAAAMAAVFAAVLLALGAALLAAAAAERAAALAELAARVGAELAAQLEAQIAAALAAIRAAVAAGLAALA
13,1,5,1.1861978965777125,0.49754035472869873,0.46390417218208313,17.032783091068268,12.342625617980957,ELEAALEREEELERAKELAREVVEEMERLREALAAELRALLPPSAAPLLDALLLALGVIEMGFLMILEALALLSGEKSELRSFFMATMLELWTARLTATPERAPLAVPTVLAVAVERLAEALAAASGLPAVARLMRLLVALFNLALGLALMAAGRAARDATLAALAAQVGEAIAARARALIEETLRRMKEIVLEGLEEIE
14,1,6,1.09572848459815,0.6994999051094055,0.6460634469985962,10.535648673772812,4.43887996673584,LAAKLAALLAALARAAALAREAFARAAAILAALRARAAALLPPSAAPLLDAHFAALDVIRLGVLLLLAALALLGGEKAGLRAFYAFTLYVLWTAHVTATPARAPLAVVGVLALAVIAAAAALAAAAGTPAVAAAATAAVALFLLLLGLALLAAGLAARAATLAALAERVGAALAAELAAAEAAALAEILAVVEEGLRELL
15,1,7,1.090836181623336,0.703212171792984,0.5991165637969971,10.608299195766449,2.530231475830078,MEEEEKEYAEKLEEAKKLAEEVLEKMKALLDATRAALAAALPAAAAPLLAAAFAALDEVVLGVLLLLAALALLGGEKSELRSYFALEVLLLWTKYVTATPERAPLAVVVAAVVAVRAAAAAAAAASGDPAVAAAARAAVAAFLAAVGAALLAAGLARMAAAAAALAAAVGAALAAAAAALVAATLAEALAILLEGLEKIL
16,2,0,1.0765655839649981,0.8115168362855911,0.5684438347816467,11.562607228755951,6.47205114364624,SLLEELAEKEEEEEEEEEEEEEEEEEEEEEEEEEKRREEEEKKKKEELEKIKKETKEKLKELLEEAKKLIKKIEELLKNIDTVKDEEIEELIKELKRLAEKLKELAALLEKFKEYEELVKLVKEAEEKVKKLAEALEKYKKDKTEESKKEFIKKAKEALKKLKELIKKIEELLKKEEEAKKEEEAKLAAAKAALAALLAA
17,2,1,1.0481312359717943,0.8009549975395203,0.622570812702179,9.643952369689941,9.646474838256836,AAAAAAAAAAAAAAAAAAAAAAAAAAAAEAAAAAAAAEAAAAAEAAELAAVAEEAERLEEELLEKSERLIEKIKELLKNIDTVTDEELEELIKELEELAKLLDELAALLARFPELAELVALVEATRDAVKKLAAALKEYLKTKSEEAKKKFIEAANAAIEKLEELREVIRRRRAERAAAAAAAAAAAAAAAAAAAAALAA
18,2,2,1.1545355484802429,0.9153449088335037,0.7085486650466919,7.6342083513736725,4.098970890045166,GRLEEERRRREEEERRRREAEEEERRRREEEEERERERERERRREEELEELERERRRLVAELLAAAAALRAEIEALLANLDTATDAELDALIARLRALEALLAELAALLAKFEEYAPLVAKVEATRDAVAALRAALEAYKATKTPEAAAAFRAAAKAALAALADLEAVLTAEREEEEEREAAEAAALAAAAALAALLAAL
19,2,3,1.122980327624558,0.8971505984663963,0.6628983616828918,8.41172793507576,8.648625373840332,ALLEALREAEREREEEEEERRRKEEEEREEERRRREEEERRRRKEEELARIEEEARRREEELLAAAAALLAALAALEARLATATPEELDALAAALDALEAQLAELEALLAAFPEYAELRAQVAAAAAAVAAARAALRRYAAERTPAARAALLAAAAAARAALEALRATLAARRAAREAAAAAAAAAAAAAALALAAALLA
20,2,4,1.1863735848817107,0.8809292986989021,0.6736806035041809,9.974060148000717,3.101877450942993,SELKEKLEKLKKEEEEKKEKEKKEEEEEEEKKKKEEEKEKEEKEKKELEETEKKLEELKEELLAKGKALLARLEALLARLDTVTPEELDALIAELDDYEALLKELAKLMEKFPEYKELVAKVKATAAAVAATRAALAAYRATRTPAAAAALRAAAAATLKALKALQAELEKELEEKRKKEKEEEEKKKAEELKKLLEELA
21,2,5,0.9981337633229914,0.7650513201951981,0.5827507376670837,11.680658668279648,8.010798454284668,AAAAAAAAAAAAAAAAAAAAAAAAAAAAAAEAAAAAAAAAAAAAAAALAATEAELEKKEKELLEKAKALLADIKALLAKLDKAKDEELKALAKKLEEFAKLLEEYAKLMAAFPEYKELLKQVEETKKAVEKLKKAVEKYRETKTEEAKKELEAAAKEAQEKLKALIETLTSRAKAKEAAAAAAAAAAAAAAAAALAAALA
22,2,6,1.1313962982401797,0.9165470227599144,0.735133171081543,7.077599957585335,4.510452747344971,GAAAEEEARRAAEEARRAAEEAARAAAAAAAEAAKAEEAAREAEAAELAALREEARRLEAELLAALKALEAAIKALLANLDTATPAELDALIAEIDALEARLGELEALLAAFPEYAALVAQVRATRDALAALRAALRDYRATGTPAARAALRAAAKAALAAIAALRATLTARRAAEEAAAAAAAALAAAAALAALLALAA
23,2,7,0.9777689799922578,0.84892837703228,0.6914530992507935,8.306202352046967,6.65151834487915,AAAAAAAAAAAAAAAAAAAAAAAAAAAAAAAAAAAEAAAAAAAAEAELAAIRARAEEAEAALLAALAALRKRIEALLANLDTVTDAELDALIAELDALEAALKELAALLAAFPEDAELRAKVEATAAAIAALRDAARAYRATRTPAAAAALRAAADAALAALDALEKTLTERRAARAAEEAAAAAAAAAAAAAAAAALLA
24,3,0,1.1142526599580227,0.908076323568821,0.8129969835281372,4.825734034180641,0.8465332984924316,AAAAAERRKKIEEVAKALAAEVTAALAELEAALAAARAAIAAAAAAIAANAAALDAARAAALAAATGGDAAAAAAIAAAEAAAAQAALDAALDALEKTVKDTADTITKALKEVLKILKEAGGSEELIKEIEELIKRVKELEEDVKAWLEAIRAEAAGSTEAAKVYTAIVDALTAQLKAAAKALTAKLKAYLKEIKKLAEA
25,3,1,1.0968894520971098,0.7214452624320984,0.6475558876991272,9.660497069358826,2.7351186275482178,AAAAAEARAALEAVAAALLATVTAALAALKAALAEMKEKIAAAIAAIQAAAAALAAARRAALAAATGGDAAAAAARAAADAAAAQAALTAAAQALLDTVTAWADTVTTALAATAAALKAAGGSAALLAALAAARAAAKALLAEVKETLEKIVKETAGSALAAKEATAIITAFTAALTAASAALTAALAAAAAAIAALAAA
26,3,2,1.1367975467992655,0.9011233001947403,0.79185950756073,5.8521590530872345,0.8538770079612732,EEAKEEARRRVEEIAREAAEEVKKALEELEELLARTEAELEAAAAEIEARRAELEAARRAELLAATGGDEERARAIEAAEREAALAALRAALEELRETVKEFAEYVEDALEEMMKILKEVGGSEELLEELEELRERVREFLERVERLLAEWAERAAGSALWARRATELVRRLTEQLKKLFEELKKFLEEKMEEIKKVVEE
27,3,3,1.0915343231534573,0.8647535145282745,0.7490897178649902,6.88286529481411,1.5538959503173828,EEEKEERRKRLEEVLKELLEYVEKALKELKELLKKAKEEIEAAIAEIEARRAELDAAEAARLAAETGGDAEAAAARRAAEHAAAQAALDAALAALEKEVKEFSEYVKEALTKAIALAEEAGVSEELLEKLKKAKKEVEEFEKEVKEWLKEVRERTAGSTRAARIVTEIVEKLTEKLKKLKEEVKKFIEEKMAEMEKIVAE
28,3,4,1.0490674391236887,0.7323608100414276,0.6072026491165161,10.074728012084961,8.766507148742676,EEEKEERRRKVEEIAEKLAATVEAALAALRAALAAARAAIDAAIAAIAANAAELAAARRAALAAAAGGDAAAAAAAAAAEAAAAAAALEAALAALRATVAALADTVSAALTEVIKILKEVGGSEELIKRLEALLAAVAALRADVDAWLADVAARTAGSALAAREATRVVEALRAELEAAAAELRAALAAAMAEIKKVVEE
29,3,5,1.0295480955622407,0.7423914074897766,0.5966658592224121,10.84827309846878,9.242152214050293,EEERKKRREEIEKVAEEALKEVKKALEELKKLLKKAKEEIEKAKAEIAENAEKLAAARKAALLAETGGDEAAAAAKAAAEKAAAQAALDAALDDLEKTVKELSDYIEKALKEIIKILKEVGGSEELIKKLEEALEEVKKLREEVKKWLAKVKADAAGSTEAAKKITEIVEKLTKKVKELYKKLKEFLEKKLKEIKELVEK
30,3,6,1.033654921114916,0.8528432697057724,0.6906958818435669,7.653656780719757,2.0016651153564453,EEEKEEKRKKIEELAKELKEKVKKALEKIKEKLEKMEKEIKEARERIAAQAAELAAARRAALLAETGGDAEAAAAREAAEAAAAQAALKKAAEELLKTVEELSEKVKKALEEVIKILKEVGGSEELIKELEELKKEVEELKEKVKKKLKEIVAELAGSTEAAKEATKIIEEFKKELEELKKELKEEIEKLLEEIKKVKEE
31,3,7,1.0915775398364256,0.9016050323843956,0.7618058323860168,5.800847202539444,0.9436432719230652,EEEKEKRRKEIEKIAEELIKKVKEALEKIKKKLEEMEKEIKEKKEEIEKNKAEIDAKKTAELMAKTGGDKEKAAKIAAEEKAKAKEELDKALEELLKVVTELSEYVSTALEEVMKILKEVGGSKELLEKVEELLKEVKELEEEVKKKLEEIKKELAGSTEAQKEATKLVKELTKELEELKKELEKEIEKYMKEIKKEKEA
32,4,0,1.0286622318483647,0.7815604954957962,0.6226645112037659,7.735152915120125,3.5763099193573,AAAAAAAAAAAAAAAALAAAEAALAAAGAALEAARAAFEAALAALLALAAAAGDAEAAAAAAEAWRAAAAELRALGEEARRVLEARLAALTDTEARLAFLRAMVAAVTAHAAAVAAAAAAAAALVAALTAALAAAAAAAAARAAAAAALPDPAARAAALAAAEAERAAAEAAALAAAEAAVAELLAALLAAEKALLALAR
33,4,1,1.010152890482701,0.5627685189247131,0.3891947865486145,16.045540869235992,15.93285846710205,AAAAAAAAAAAAARAALEAAEAALAAAQAARDAALAAFRAQMAALAAQVAALPDAAAAAAAIEAWEAALAAIAALQAARAAALAARLAALKDVAARLAFLQEMTAAVTAEAALVAAAAAAAAALVAAVTAALAALRAAEAARLAEAAALADPEEAAAAAAEAAAAAAAAAAALAAAVAAAVEATLAALAAAAQAALALAK
34,4,2,1.0381875957774582,0.6144625842571259,0.4482405185699463,14.057559579610825,8.606903076171875,AAEAAALEEERALKEELEAAEKALAAAQAARAAAGAAFAANLAAVAALVAALPDAAAAAAAIAAWAAAAAEIAALGAENGAALKAALAALKSDKARLAFLKTQTAAVTALTAQVAAAADTVAALAAALAAALAAQAAAAAAAAAAAAALADAAERAAAAAAAAAAAAAAAAALLAATEATLAAILAALKAAQKALLAAVK
35,4,3,1.0547092960620073,0.8215201944112778,0.5432591438293457,13.57964152097702,37.283660888671875,GALEREKKKEEELKKELEEAKKKLEEAEKKYKEEFERFKAAVEELLALIAALADAERAAAVIAEIREKLEKIEKLRKENEEELKKKIEELKSVEELLEFYKKMTEAVEKRTKLVKELAERVEALVAELRAALEALAAERAAAEAAAAALADAAAAAAALAAAAAAAAAREAALLARTEAELRELLEKLLKAEEELLKLAK
36,4,4,1.0841432349959346,0.7105053663253784,0.3779101073741913,17.608056008815765,22.090608596801758,SSLLEELEKELKLQKELEEAEKKLKEAKEKLEKELKKFKEEMKKLFELISSFPDKERAEKVIKKWEKRLKKIEELLKEYEEVIKAKLAALKDVKERLKFVKELVKKVEEFTKKVKEISEKLKKIVEEVEKKKKELEEEAAKEKAEAAALEDKEEREKALKEIEEKREKKEKEILEKVEKEVEKLLKELEEKVKELIKLAK
37,4,5,1.0464996902866441,0.8812062963843346,0.7294223308563232,6.232607692480087,1.4577642679214478,MEEEKKKLEEEELKKKLEEAEKKLEEAKKELEKALKEFEANLKALAALLAALPDAEAAAAAIAAFQAAVKEIKELKKEYEKELKKKLEELKSVEEKLKFVEKQVKAVKKLTELVKAAAKEVKALVAALTAELAALEADYAAAAAAAAALADPAARAAALAAAAAARAAAAAALLAAATAALQAILDKLKKAYKELIKEAK
38,4,6,1.157540512325107,0.7552975565195084,0.3971330523490906,16.707005500793457,57.784149169921875,SLLEELLKKKEELEAELKAAQAALEAAQAALQAAQAAFLAALAELQALIAAFPDKAAAAAVIAALQARVAEIQALQAENQKAIKKKLAALKDVEEKLKFLKKLTAAVQARTAQVQAAAAEVKALVAEVTAEREALAAEYAAALAEAAALADAEARRAAIAEAEARRAAREAALLAKTTAALAALLDALLAAEQELLALAK
39,4,7,1.082026639303108,0.7401424944400787,0.44502347707748413,15.359422713518143,37.172115325927734,AAAAAAAAAAEATKAALAAAEAALAAAQAALAAQQAAFQAQLARLLALIAALPDAARAAAIVAELQAKQAQLQALQAQAQAELKARLAALKTDEERLAFVQAMTAAVTALTAQVAAAAAAVAALVAELEAALAAAEAEAAAALAAAAALKDAAARAAARAAAEADAAARAAALLDATAARLQAILDALLAAQQALIAQAK
40,5,0,1.2425126168628158,0.7031863033771515,0.44075971841812134,16.025339484214783,9.598483085632324,LLLLLLLLLLLARLALALLLLLAALVVVGSYFLARLVEAAKAIEKAKKEREKKLKEKEAEAKAKAAADPEKAEEIKKALKEYKKKLEEELWKIREEETKKALEPLLKLSPELKKKLEEEFKKAKEVRKTKGEEEGEKKWEEALKEVLKEAVRLALEVWRRERRDPRRALFFAGVLVGLVVFAILAALAAALRALLLLLLL
41,5,1,1.2137490330029626,0.6402421295642853,0.436556875705719,15.470403760671616,20.88560676574707,MEALLAALAAAAAAAAAAAATLAALLTVGAATFAALLEADAKIAKAKAETEKEIKELEEKAEELAKKYPEKAEEIKKEFEEKKEKLKEELWAVREAATREAYAGLFALSPALAALFEAQFAEARAVREELGDEAGLAAFAVGLARFLLALVREALRVWREERADPTKALFYLGVLAGLLLYAALAAAAAALAAALLALLA
42,5,2,1.0574701451353985,0.4793572425842285,0.31295245885849,19.552204191684723,20.687105178833008,AALLAALAAAAAAAAALAALTLAALIVVGAATFAALVAAAAAAAAAAALAALAAAAAAAATAALAAAAPAAAAAARAALAALRAALGAALAAAAAAAAAAAFAPVFALSPAAAAAAAAAAAAAAAAAKTLGPAAGAAAAAAGLAALLLLILGLAAAAWRADRADLRRPLFLLGFLVGVALFLAALAAAALAAAAAAAAAA
43,5,3,1.1216594820653845,0.7184990644454956,0.5189197063446045,14.346326857805252,5.0364484786987305,LLLLLLALLLAAAALLAAALLAAALLTVGAATLAALAAAAAAVAAARAEAAAAAAALAAATAAAAAADPARAAAARAAEAEARAAAAAELAAVRREAAAAAYAPLFALSPALKELFDAELAAAEAVRATEGPAAGEEAWAAGLARVLEALVREALRAFREDRADPARPLFFVGALVGLVVAGLLALALALAAAAALAAAL
44,5,4,1.1803269706448836,0.7619348913431168,0.6123169660568237,12.162630677223206,4.097481727600098,MLLLLLLALLAARLAAALLLALAALVVVGAAFLAALLAAAAAIEAARKEAAAKLEALEAEAEALAAAKPEKAEEIKAALAAEKAALAEELWERRRAATEAAYAPLLALSPALRVLFEAGWAAAAAVRATEGPEAGEAAFLAGLAAFALAAVLEALRVAREEREDPRRALFFLGALVGLAAAALLALAAAAALAAALLALL
45,5,5,1.1872206427308372,0.7245359718799591,0.5651578903198242,12.931069523096085,6.473021507263184,MLLLLLLALLALRLALLLLGLLLSLVVVGSLFFARLAAALAAVAAAAAETAAALAAAEAATAALAAADPARAAEALAALEEAAAARRAEAWDAVRAATRAAFAPLFAASPELRALAEAEWARAREVAATEGPAAGLAAWAEGLARVLAHAVRLALRVLKEERRDLRKSFLFVGFLVGVLAFLIALAAAAAALAALAALLA
46,5,6,1.0248041548067528,0.604586273431778,0.46669864654541016,16.49195396900177,28.160017013549805,MLAALALLAALARALAAALALAAALVAVGAATLAALAAAAAAIAAGAAARAAALAAAAAATAALAAAAPAAAAAARAAAAALAAAAAAAARAAAAAATRAAFAPLFALSPELAAAWDAQGAAARAVAAAAGRAAGAAAWAAGLAAVGALLLAEAARVAATERADPRRALFFAGAIVGLAAFAAALAAAAAAAAAALALAA
47,5,7,1.1401509570877892,0.6658132970333099,0.5722947120666504,11.735432267189026,16.281383514404297,MLLLLLALALALAAAAAAAATLAALITVGTATFLALVAALAAVAAALAAAAAERAALAAATAAAAAADPERAAALRAAAAARAAALAADLWAAAAAATRAALAPLFALSPALKAAFEAEWAAARAVAAALGPAAGLVAAAAGLAKVLALAVKEALEVARTERADPTKSLFFLGFLVGVALFLLALALAAALAAAALLALL
48,6,0,1.035705534764003,0.9178977608680725,0.8260034322738647,4.474482521414757,1.2286508083343506,SLEARLRELAELLLASETLAALTGKRITPEQAAAAVAHLLAAEEALAAARDALAGIPAAQAAVDAAQAELAALLDAALALARERARRREEVAAREARLAAEAAAAAADPARRAALLAERDALRAEAAAADAAAAAEIIALLRRRLAVLEQLRARVAALLAAHAAAEGVDPAALAARTATVTALLDAALEAQRRAVALLLG
49,6,1,0.99021092719104,0.5626438856124878,0.3948829174041748,16.3876913189888,11.219749450683594,SREARLRELAELLLASDTLAALTGRTITPAQAAAAVAAALAAAAALAAAQAEAAWNPAAQAALAAAQARLDALLDAALALARAAAARRAAVAAELAALAAEAAAAAGDPERAAALRAEAAALRAEAAAASAATAAEMIALLREQQAVVEQLQAEVAALLEAERAARGVDPAEYAARAARLDALLAAAAAAVRAAIAALLG
50,6,2,1.008019057610894,0.874758169054985,0.794409990310669,5.9889045804739,1.4759016036987305,SREEKLQELMELLLESEVLAELTGKRITPEQAKQAVEHYLKMFENLEKAQKELEFNEEATKIIKDAKKEIEKLLEEAYELARRRAERRREVEARVAELEAEAARAAANPELRAKILAEAAALRERLRAEEREEARRIIELLKETLKVMEKTKKEVEEALEKLKKEKNIDEEFYKEKSEKINKLLEEAKENMEKFIELALG
51,6,3,1.0314105612641447,0.9257538914680481,0.817988395690918,4.739132583141327,0.8873066306114197,SLEKKLKEFAELLIKSETLAKLTGKKITPEQAEAAVKAYLAAFKALEEMEKELEEIPEAKKVAKETKKKLEELLEKAYNLAKEEEEEEKKVKEELKKLEEKAKEAKSNPELQKKLLEEREKLKKELEEKSKKTSEEIIELLKKQLEVVEKAKKEIEKILKKTKEEKKIDEKKYEELNAKVKELMEAALKAIEEAVKLFLG
52,6,4,1.0218806273724308,0.8877951428294182,0.7831337451934814,5.739964500069618,1.5426721572875977,SREEKLTEFAKLLLKSKTLAEITGKKITEEQAKKAVEARLEMYKALEEARKELEWNPEAKKAVEETKKKLDELFDKAYKLAKERAKETEEAEAEIAKLKAEAAKAAADPAKQAALEAEAAKKKAELEKKNKETEKKIIELLKEGLKVVEEAKKKIEEILEKEKKEKNIDEEEYKKRNEKIEKLLEKAEENLKKMIELLLG
53,6,5,1.0706562438071887,0.898298367857933,0.7886742353439331,5.389325052499771,1.2816015481948853,SEEEKLQRLLDLLLESETLAELTGKRLTEEQAKKALEHLLKMRENLEKAKEELKGNEKAKEIVDKTEKELKELLDRALALAEAAAARRAAAEAEIAALAAEAEAAAADPAKAAALAAEAAALRAELAAEERRTAEEIIRLLKEQLKIVEKAKKEIKEELKKYKEEENIDEEEYEKRSKKIEELLEEAEKNLKEAVKLMLG
54,6,6,1.02719947586288,0.9125939384102821,0.8146029710769653,5.302965193986893,1.0439248085021973,SLEAKLQEFMDLLLESEELAKLTGKKITPEQAKQAVEHYLNAFKNLDEAEKELKFNEEMTKIVKDAKKKLLELLDKALDLAKKRKEEKKKVEEEAKKIEEEAEKAKEDPEKKKKLLEERKELLEKYEKESKETEKEIIELLKKQLEIMEETKKKVEEALEKYKKEKKIDEEEYEKKKKKIEELLNNAIENLKKAIELMLG
55,6,7,1.0498014549013592,0.6487917304039001,0.475206196308136,13.126201450824738,7.727799415588379,SREEKLQKLADLLIKSKTLAELTGKKITPEQAEQAVKHYLEMFKALKEAKEALKVIPEAEEALKKAEKELEELLEKALKLAEEQAKAEAEAAAEIAALEAEAAAAADDPARKAALLAEAAAKRAELAAKSRKTAEEIIKLLKEQEKVLEETKKKVEEILKKTKEKEKIDEEEYEKLSKEVNELLEKAIENLKKAVELFLG
56,7,0,0.9731890036796707,0.9110125452280045,0.8456268906593323,4.317887142300606,0.6992944478988647,AAARAELAAEVEALKAEIDAREAERVEKYTKLREELEKKYKELVEKSKEVREKVYKELKEMIKEMKERAEKLLEEIKKGKKEEATKEFIEKLREMIKELFEAAKKKVEEAKKLAKEGKIEEAVGILVAVLEALAEFEKVFAELLKRLIEAALESGDLELAKEVIEAVRELLKERDKLLEELEKALKEALKAIEKAEKAKA
57,7,1,0.9539355673536527,0.9386791847646236,0.8602074980735779,3.549220100045204,0.9182155728340149,EEEREELEKEVEKLKEEIKKLREERVKKYEERAKKLYEKYPELVEKSKEVREKVYKELKAKIEELEKEMKELIEKIKKGEKEEATKEAIETLEKGIKEYFEKVKELVREAKKLAKEGKLAEAVGILLAVLEALAEFEKTYAELLIELIETSLESGDLELTKEVIERVKKLLEKLKKLLEELEKEIKEALAAIEAAKAAKA
58,7,2,0.8910549641700106,0.9229521080851555,0.8467696309089661,4.1718336045742035,0.6537929177284241,MKEKEELEKEVEKLKKELKKLEKERREKYEKRRKEIEEKYKEEVEKSEEIRKKVYEELMKLIEKLKKEMEKLLEKIKKGEKKEATEKALEELKKRIKEYFKKVKEKLDEAKELAKEGKIEEAVGIIVAVLEALAEFEKVVTELLIELLETTLESGDLELTKETIEKVKKLVKEREELEKELEKKLDEALKAIEKAKKEKE
59,7,3,0.9288189491165191,0.9252364113926888,0.8441160917282104,4.07251413166523,0.7583460807800293,MEEREKLKKEVEKLKEEIEKKEKELQAEYTKRAKALEEKYPELVAASKEVRDKVYKELEKLIKELEKKMKELLEKIKKGEKEEATKELLKKLKEMIKEYFKKVKEYYDKAAKLAKEGKLAEAVGIILAVLKAQAKFEKVVSKLLKELAETALESGDLELARKTLKEIKELLKEYDELLKENQKRLDAALKEIAAAEAAKA
60,7,4,0.927169264471366,0.9392777159810066,0.8659577369689941,3.555165447294712,1.1794074773788452,SMEREELEKEAEKLKEEIKKLAEERRRRYRERARELEERYPELVAAAREVREKVLKELRELIKKMKEEMEKLLKKIKEGEKEEATKKALEKLKEMLKKLAEKAKEKVRRARELAKEGRLAEAVGILVAVLEALAEFEEVLSELLIELVETALESGDLELAKEVLKAVKELLKEREKLLKELEKELEEAEEAIEEAERAAA
61,7,5,0.893041440315596,0.9221742078661919,0.8308495283126831,4.315498933196068,0.7428103685379028,MEEREKLEKEVAKLKKEIDAKEKEKIDKYKKRAEEIEKKYKEEVEKSKEVREEVLKELEKLIKELKEKAEKLLKEIEKGKKKEATKELIKTLKEELKKYFEKVKEKYKEAKKLAKEGELEKAVGIIVAVLEAQAKLYKVVAETLKKLLEAALKSGDLELAKETIKEVKELLKELDKLEEEVEKELEEALKAIEEEKKKKE
62,7,6,0.943313580443483,0.8461890071630478,0.7493354678153992,6.665305450558662,1.0813663005828857,MKKREELEKKVKELKKEIEKREKERRDRYTTTRDALTAKYADLVAASAATRDAVLAELQALIKKLEKEQKELLEKIKKGEKEEATEKFLKTLKEGIKKYFEAVKKKLAEAKKAAEAGDLATAVGIIVAVLEAMAEFEKTVAKLLKELLEEALKSGDLELAEKTLKEVKELLKEYEKLLKEVEKALKEALKAIEKAEKAKA
63,7,7,0.9904862402256799,0.9397592842578888,0.8764287233352661,3.455451250076294,0.7288227677345276,EAERAALAAEVAALKAELAARRAALVAAYRAKAAALTAAYSAEVAASKEVRDKVLKELEEKIKELEKEARELLEKLKEGEVEEATREALEEIRRKVKEYAEAVKEHYARAKALAKEGKLAEAVGILVAVLEAMARFEEVLTALLTELLDAALESGDLELAREVLEEVRRLVEEREKLLAEVEKARAEAEAAIAAARAAAA
